难度,普通词,卧底词
入门,芒果,榴莲
入门,牙刷,牙膏
入门,自行车,电动车
入门,沙发,椅子
入门,水杯,保温杯
入门,西瓜,哈密瓜
入门,书包,手提包
入门,筷子,勺子
入门,电视,电脑
入门,围巾,帽子
入门,米饭,粥
入门,铅笔,钢笔
入门,雨伞,雨衣
入门,篮球,足球
入门,窗户,窗帘
入门,闹钟,手表
入门,白菜,青菜
入门,马车,汽车
入门,睡衣,外套
入门,积木,拼图
入门,金鱼,锦鲤
入门,风扇,空调
入门,煎饼,烧饼
入门,衣柜,鞋柜
入门,单车,摩托
入门,樱桃,草莓
入门,梳子,发夹
入门,课本,笔记本
入门,鞭炮,烟花
入门,板凳,马扎
简单,牛仔裤,休闲裤
简单,茉莉花,栀子花
简单,共享单车,共享电车
简单,红烧肉,糖醋肉
简单,床头柜,梳妆台
简单,拉丁舞,街舞
简单,玻璃杯,塑料杯
简单,双眼皮,单眼皮
简单,牛肉面,拉面
简单,明信片,贺卡
简单,跑步机,健身车
简单,毛笔,水彩笔
简单,羽绒服,冲锋衣
简单,咸鸭蛋,松花蛋
简单,望远镜,放大镜
简单,广场舞,健身操
简单,银耳,木耳
简单,过山车,海盗船
简单,电话线,网线
简单,护手霜,面霜
简单,热气球,无人机
简单,水饺,馄饨
简单,红领巾,红袖章
简单,卡丁车,碰碰车
简单,花生油,菜籽油
简单,相册,相框
简单,电风扇,排气扇
简单,糖葫芦,糖画
简单,乒乓球,羽毛球
简单,踢脚线,地板砖
适中,螺蛳粉,桂林米粉
适中,天秤座,水瓶座
适中,古装剧,仙侠剧
适中,潜水艇,核潜艇
适中,关东煮,麻辣烫
适中,琵琶,古筝
适中,落地窗,飘窗
适中,共享单车,共享汽车
适中,金丝猴,猕猴
适中,酱香酒,清香酒
适中,帆布鞋,板鞋
适中,有声书,广播剧
适中,摩天轮,旋转木马
适中,芝麻酱,花生酱
适中,收费站,服务区
适中,太极拳,八段锦
适中,明信片,邮票
适中,充电宝,电池
适中,阳澄湖大闸蟹,普通螃蟹
适中,短袖T恤,打底衫
适中,楷书,隶书
适中,温泉,澡堂
适中,捕蝇草,含羞草
适中,公交地铁,城际轻轨
适中,蛋黄酥,月饼
适中,登山杖,拐杖
适中,油画,水彩画
适中,收银台,柜台
适中,萤火虫,飞蛾
适中,果醋,果汁
适中,迷彩服,工装服
适中,塔罗牌,扑克牌
适中,芦苇,蒲草
适中,游轮,快艇
适中,椰汁,椰子水
适中,书签,便签
适中,拔河,跳绳
适中,溶洞,山洞
适中,酒酿圆子,汤圆
适中,遮阳伞,遮阳帽
稍难,白兰花,白玉兰
稍难,酱香拿铁,生椰拿铁
稍难,断桥,廊桥
稍难,独角仙,金龟子
稍难,冰皮月饼,广式月饼
稍难,宣纸,毛边纸
稍难,城际高铁,动车
稍难,青梅酒,杨梅酒
稍难,全息投影,3D投影
稍难,酥油茶,奶茶
稍难,燕尾服,西装
稍难,水蜜桃,油桃
稍难,古戏台,小剧场
稍难,竹蜻蜓,纸飞机
稍难,海盐,粗盐
稍难,电竞椅,办公椅
稍难,山茶花,山丹丹花
稍难,砂锅,瓦罐
稍难,航拍机,穿越机
稍难,麦芽糖,牛皮糖
稍难,翰林院,国子监
稍难,牛百叶,毛肚
稍难,百叶窗,纱窗
稍难,琉璃,玻璃
稍难,傣裙,苗裙
稍难,龙井茶,碧螺春
稍难,冷风机,水冷扇
稍难,皮影戏,木偶戏
稍难,鲳鱼,带鱼
稍难,竹简,木牍
稍难,护膝,护腕
稍难,石拱桥,石梁桥
稍难,醪糟,米酒
稍难,猎隼,苍鹰
稍难,软尺,钢尺
稍难,簪子,发钗
稍难,鲮鱼,草鱼
稍难,绢布,绸缎
稍难,早茶,下午茶
稍难,旱冰鞋,轮滑鞋
困难,雨前龙井,明前龙井
困难,凤尾蝶,枯叶蝶
困难,乌篷船,画舫船
困难,佛跳墙,盆菜
困难,汉白玉,大理石
困难,羌笛,柳笛
困难,雪媚娘,大福
困难,信天游,陕北民歌
困难,响尾蛇,竹叶青
困难,鎏金,镀金
困难,水杉,红豆杉
困难,刀削面,剔尖面
困难,榫卯结构,拼接结构
困难,麝香,檀香
困难,墨玉,青玉
困难,芦笙,唢呐
困难,龟苓膏,仙草冻
困难,栈桥,堤岸
困难,丹顶鹤,白鹭
困难,花雕酒,女儿红
困难,缂丝,刺绣
困难,桫椤,蕨类
困难,粢饭团,糯米饭团
困难,编钟,铜铃
困难,黑曜石,黑玛瑙
困难,渔火,灯火
困难,荞面,莜面
困难,云锦,蜀锦
困难,海葵,珊瑚
困难,油纸伞,绸布伞
超难,蜉蝣,孑孓
超难,岫玉,蓝田玉
超难,桄榔粉,葛根粉
超难,箜篌,洞箫
超难,酡红,绯红
超难,鲎虫,三眼恐龙虾
超难,歙砚,端砚
超难,蒹葭,芦苇
超难,饸饹面,抿尖面
超难,玳瑁,海龟壳
超难,薜荔,络石藤
超难,羯鼓,腰鼓
超难,琥珀,蜜蜡
超难,鹬鸟,矶鹬
超难,粔籹,馓子
超难,缁衣,青衣
超难,蛞蝓,蜗牛
超难,麂皮,羊皮
超难,酴醾花,木香花
超难,辔头,缰绳
超难,鳑鲏,麦穗鱼
超难,桫椤树,笔筒树
超难,饴糖,糖稀
超难,鞉鼓,拨浪鼓
超难,砗磲,贝壳
超难,踯躅花,映山红
超难,醪醩,酒酿
超难,鸬鹚,鱼鹰
超难,氍毹,地毯
超难,菡萏,荷花